-- First, delete existing data in the correct order to avoid foreign key constraints
DELETE FROM vendas;
DELETE FROM produtos;
DELETE FROM clientes;
DELETE FROM fornecedores;

-- Dumping data for table fornecedores
INSERT INTO fornecedores (id, cnpj, codigo_anel, codigo_berloque, codigo_bracelete, codigo_brinco, codigo_colar, codigo_conjunto, codigo_piercing, codigo_pingente, codigo_pulseira, data_atualizacao, data_criacao, descricao, nome, telefone) VALUES (1,'12.345.678/0001-90','An','Bq','Bc','Br','Cl','Cj','Pirc','Pg','Pl','2025-02-01 10:00:00.000000','2025-02-01 10:00:00.000000','Especializado em semi-joias de prata.','Fornecedor A','(48) 3456-7890');
INSERT INTO fornecedores (id, cnpj, codigo_anel, codigo_berloque, codigo_bracelete, codigo_brinco, codigo_colar, codigo_conjunto, codigo_piercing, codigo_pingente, codigo_pulseira, data_atualizacao, data_criacao, descricao, nome, telefone) VALUES (2,'23.456.789/0001-01','An','Bq','Bc','Br','Cl','Cj','Pirc','PG','Pl','2025-02-01 11:00:00.000000','2025-02-01 11:00:00.000000','Fabricação de joias finas em ouro 18k','Fornecedor B','(47) 2345-6789');
INSERT INTO fornecedores (id, cnpj, codigo_anel, codigo_berloque, codigo_bracelete, codigo_brinco, codigo_colar, codigo_conjunto, codigo_piercing, codigo_pingente, codigo_pulseira, data_atualizacao, data_criacao, descricao, nome, telefone) VALUES (3,'34.567.890/0001-12','An','Bq','Bc','Br','Cl','Cj','Pirc','PG','Pl','2025-02-01 12:00:00.000000','2025-02-01 12:00:00.000000','bijuterias e semi-joias.','Fornecedor C','(55) 4567-8901');
INSERT INTO fornecedores (id, cnpj, codigo_anel, codigo_berloque, codigo_bracelete, codigo_brinco, codigo_colar, codigo_conjunto, codigo_piercing, codigo_pingente, codigo_pulseira, data_atualizacao, data_criacao, descricao, nome, telefone) VALUES (4,'45.678.901/0001-23','An','Bq','Bc','Br','Cl','Cj','Pirc','PG','Pl','2025-02-01 13:00:00.000000','2025-02-01 13:00:00.000000','joias de prata e ouro branco.','Fornecedor D','(47) 3456-1234');

-- Dumping data for table clientes
INSERT INTO clientes (id, cpf, data_atualizacao, data_criacao, descricao, email, nome, telefone) VALUES (1,'111.222.333-44','2025-02-10 10:00:00.000000','2025-02-10 10:00:00.000000','Alberto Stein','ana.silva@email.com','Ana Clara Silva','(11) 98765-4321');
INSERT INTO clientes (id, cpf, data_atualizacao, data_criacao, descricao, email, nome, telefone) VALUES (2,'222.333.444-55','2025-02-15 11:00:00.000000','2025-02-15 11:00:00.000000','','bruno.cp@provedor.net','Bruno Costa Pereira','(21) 2345-6789');
INSERT INTO clientes (id, cpf, data_atualizacao, data_criacao, descricao, email, nome, telefone) VALUES (3,'333.444.555-66','2025-02-20 12:00:00.000000','2025-02-20 12:00:00.000000','Anita Garibaldi','carla.lima@mail.org','Carla Souza Lima','(31) 99999-1111');
INSERT INTO clientes (id, cpf, data_atualizacao, data_criacao, descricao, email, nome, telefone) VALUES (4,'444.555.666-77','2025-02-25 13:00:00.000000','2025-02-25 13:00:00.000000','','d.santos@emailserver.com','Daniel Oliveira Santos','(41) 4444-3333');
INSERT INTO clientes (id, cpf, data_atualizacao, data_criacao, descricao, email, nome, telefone) VALUES (5,'555.666.777-88','2025-03-05 10:00:00.000000','2025-03-05 10:00:00.000000','','eduarda.gomes@mail.com','Eduarda Ferreira Gomes','(51) 91234-5678');
INSERT INTO clientes (id, cpf, data_atualizacao, data_criacao, descricao, email, nome, telefone) VALUES (6,'666.777.888-99','2025-03-10 11:00:00.000000','2025-03-10 11:00:00.000000','','f.rocha@email.br','Felipe Martins Rocha','(61) 3333-2222');
INSERT INTO clientes (id, cpf, data_atualizacao, data_criacao, descricao, email, nome, telefone) VALUES (7,'777.888.999-00','2025-03-15 12:00:00.000000','2025-03-15 12:00:00.000000','','giovana.alves@provedor.com','Giovana Almeida Alves','(71) 98888-7777');
INSERT INTO clientes (id, cpf, data_atualizacao, data_criacao, descricao, email, nome, telefone) VALUES (8,'888.999.000-11','2025-03-20 13:00:00.000000','2025-03-20 13:00:00.000000','','heitor.rp@email.net','Heitor Rodrigues Pinto','(81) 5555-1111');
INSERT INTO clientes (id, cpf, data_atualizacao, data_criacao, descricao, email, nome, telefone) VALUES (9,'999.000.111-22','2025-03-25 14:00:00.000000','2025-03-25 14:00:00.000000','','isabela.castro@mailservice.org','Isabela Castro Pereira','(91) 97654-3210');
INSERT INTO clientes (id, cpf, data_atualizacao, data_criacao, descricao, email, nome, telefone) VALUES (10,'101.010.101-01','2025-03-30 15:00:00.000000','2025-03-30 15:00:00.000000','','j.victor.f@email.com','João Victor Fernandes','(11) 4002-8922');
INSERT INTO clientes (id, cpf, data_atualizacao, data_criacao, descricao, email, nome, telefone) VALUES (11,'202.020.202-02','2025-04-05 16:00:00.000000','2025-04-05 16:00:00.000000','','larissa.dias@emailserver.com','Larissa Ribeiro Dias','(31) 98877-6655');
INSERT INTO clientes (id, cpf, data_atualizacao, data_criacao, descricao, email, nome, telefone) VALUES (12,'303.030.303-03','2025-04-10 17:00:00.000000','2025-04-10 17:00:00.000000','','mateus.borges@email.br','Mateus Henrique Borges','(41) 91122-3344');

-- Dumping data for table produtos
-- Anéis
INSERT INTO produtos (id, acabamento, categoria, data_atualizacao, data_criacao, data_venda, id_referencia, nome, preco_custo, preco_venda, status, id_fornecedor) VALUES (1,'BANHO_PRATA','Anel','2025-02-05 10:00:00.000000','2025-02-05 10:00:00.000000',NULL,'An002','Anel Infinito Duplo',38.10,NULL,'EM_ESTOQUE',1);
INSERT INTO produtos (id, acabamento, categoria, data_atualizacao, data_criacao, data_venda, id_referencia, nome, preco_custo, preco_venda, status, id_fornecedor) VALUES (2,'BANHO_DOURADO','Anel','2025-02-05 10:00:00.000000','2025-02-05 10:00:00.000000','2025-03-01 14:00:00.000000','An123','Anel Coração Triplo',45.10,90.20,'VENDIDO',2);
INSERT INTO produtos (id, acabamento, categoria, data_atualizacao, data_criacao, data_venda, id_referencia, nome, preco_custo, preco_venda, status, id_fornecedor) VALUES (3,'PRATA','Anel','2025-02-05 10:00:00.000000','2025-02-05 10:00:00.000000',NULL,'An456','Anel Nó da Amizade',65.60,NULL,'EM_ESTOQUE',3);
INSERT INTO produtos (id, acabamento, categoria, data_atualizacao, data_criacao, data_venda, id_referencia, nome, preco_custo, preco_venda, status, id_fornecedor) VALUES (4,'BANHO_DOURADO','Anel','2025-02-05 10:00:00.000000','2025-02-05 10:00:00.000000',NULL,'An078','Anel Coroa Delicada',50.10,NULL,'EM_ESTOQUE',4);
INSERT INTO produtos (id, acabamento, categoria, data_atualizacao, data_criacao, data_venda, id_referencia, nome, preco_custo, preco_venda, status, id_fornecedor) VALUES (5,'BANHO_PRATA','Anel','2025-02-05 10:00:00.000000','2025-02-05 10:00:00.000000',NULL,'An321','Anel Estrela Cadente',35.00,NULL,'EM_ESTOQUE',1);
INSERT INTO produtos (id, acabamento, categoria, data_atualizacao, data_criacao, data_venda, id_referencia, nome, preco_custo, preco_venda, status, id_fornecedor) VALUES (6,'PRATA','Anel','2025-02-05 10:00:00.000000','2025-02-05 10:00:00.000000',NULL,'An499','Anel Espiral da Vida',70.60,NULL,'EM_ESTOQUE',2);
-- Berloques
INSERT INTO produtos (id, acabamento, categoria, data_atualizacao, data_criacao, data_venda, id_referencia, nome, preco_custo, preco_venda, status, id_fornecedor) VALUES (7,'BANHO_PRATA','Berloque','2025-02-05 10:00:00.000000','2025-02-05 10:00:00.000000','2025-03-10 09:00:00.000000','Bq011','Berloque Coração Vazado Duplo',38.10,76.20,'VENDIDO',3);
INSERT INTO produtos (id, acabamento, categoria, data_atualizacao, data_criacao, data_venda, id_referencia, nome, preco_custo, preco_venda, status, id_fornecedor) VALUES (8,'PRATA','Berloque','2025-02-05 10:00:00.000000','2025-02-05 10:00:00.000000',NULL,'Bq234','Berloque Estrela do Mar',55.00,NULL,'EM_ESTOQUE',4);
INSERT INTO produtos (id, acabamento, categoria, data_atualizacao, data_criacao, data_venda, id_referencia, nome, preco_custo, preco_venda, status, id_fornecedor) VALUES (9,'BANHO_PRATA','Berloque','2025-02-05 10:00:00.000000','2025-02-05 10:00:00.000000',NULL,'Bq345','Berloque Pena Leve',60.60,NULL,'EM_ESTOQUE',1);
INSERT INTO produtos (id, acabamento, categoria, data_atualizacao, data_criacao, data_venda, id_referencia, nome, preco_custo, preco_venda, status, id_fornecedor) VALUES (10,'BANHO_DOURADO','Berloque','2025-02-05 10:00:00.000000','2025-02-05 10:00:00.000000',NULL,'Bq067','Berloque Trevo da Sorte',42.00,NULL,'EM_ESTOQUE',2);
INSERT INTO produtos (id, acabamento, categoria, data_atualizacao, data_criacao, data_venda, id_referencia, nome, preco_custo, preco_venda, status, id_fornecedor) VALUES (11,'BANHO_PRATA','Berloque','2025-02-05 10:00:00.000000','2025-02-05 10:00:00.000000',NULL,'Bq189','Berloque Ramos de Oliva',34.10,NULL,'EM_ESTOQUE',3);
INSERT INTO produtos (id, acabamento, categoria, data_atualizacao, data_criacao, data_venda, id_referencia, nome, preco_custo, preco_venda, status, id_fornecedor) VALUES (12,'PRATA','Berloque','2025-02-05 10:00:00.000000','2025-02-05 10:00:00.000000',NULL,'Bq400','Berloque Onda do Mar',58.10,NULL,'EM_ESTOQUE',4);
INSERT INTO produtos (id, acabamento, categoria, data_atualizacao, data_criacao, data_venda, id_referencia, nome, preco_custo, preco_venda, status, id_fornecedor) VALUES (13,'BANHO_PRATA','Berloque','2025-02-05 10:00:00.000000','2025-02-05 10:00:00.000000',NULL,'Bq255','Berloque Flor Cerejeira',76.60,NULL,'EM_ESTOQUE',1);
-- Braceletes
INSERT INTO produtos (id, acabamento, categoria, data_atualizacao, data_criacao, data_venda, id_referencia, nome, preco_custo, preco_venda, status, id_fornecedor) VALUES (14,'BANHO_PRATA','Bracelete','2025-02-05 10:00:00.000000','2025-02-05 10:00:00.000000',NULL,'Bc033','Bracelete Círculo Trançado',48.00,NULL,'EM_ESTOQUE',2);
INSERT INTO produtos (id, acabamento, categoria, data_atualizacao, data_criacao, data_venda, id_referencia, nome, preco_custo, preco_venda, status, id_fornecedor) VALUES (15,'PRATA','Bracelete','2025-02-05 10:00:00.000000','2025-02-05 10:00:00.000000','2025-03-15 11:00:00.000000','Bc111','Bracelete Folhas Unidas',95.10,190.20,'VENDIDO',3);
INSERT INTO produtos (id, acabamento, categoria, data_atualizacao, data_criacao, data_venda, id_referencia, nome, preco_custo, preco_venda, status, id_fornecedor) VALUES (16,'BANHO_DOURADO','Bracelete','2025-02-05 10:00:00.000000','2025-02-05 10:00:00.000000',NULL,'Bc222','Bracelete Estrela Zirconia',65.60,NULL,'EM_ESTOQUE',4);
INSERT INTO produtos (id, acabamento, categoria, data_atualizacao, data_criacao, data_venda, id_referencia, nome, preco_custo, preco_venda, status, id_fornecedor) VALUES (17,'BANHO_PRATA','Bracelete','2025-02-05 10:00:00.000000','2025-02-05 10:00:00.000000',NULL,'Bc444','Bracelete Flor do Campo',45.10,NULL,'EM_ESTOQUE',1);
INSERT INTO produtos (id, acabamento, categoria, data_atualizacao, data_criacao, data_venda, id_referencia, nome, preco_custo, preco_venda, status, id_fornecedor) VALUES (18,'PRATA','Bracelete','2025-02-05 10:00:00.000000','2025-02-05 10:00:00.000000',NULL,'Bc055','Bracelete Gota Cristal',110.60,NULL,'EM_ESTOQUE',2);
INSERT INTO produtos (id, acabamento, categoria, data_atualizacao, data_criacao, data_venda, id_referencia, nome, preco_custo, preco_venda, status, id_fornecedor) VALUES (19,'PRATA','Bracelete','2025-02-05 10:00:00.000000','2025-02-05 10:00:00.000000',NULL,'Bc300','Bracelete Nós Celtas',105.60,NULL,'EM_ESTOQUE',3);
-- Brincos
INSERT INTO produtos (id, acabamento, categoria, data_atualizacao, data_criacao, data_venda, id_referencia, nome, preco_custo, preco_venda, status, id_fornecedor) VALUES (20,'BANHO_PRATA','Brinco','2025-02-05 10:00:00.000000','2025-02-05 10:00:00.000000','2025-03-20 12:00:00.000000','Br001','Brinco Estrela Cravejada',40.60,81.20,'VENDIDO',4);
INSERT INTO produtos (id, acabamento, categoria, data_atualizacao, data_criacao, data_venda, id_referencia, nome, preco_custo, preco_venda, status, id_fornecedor) VALUES (21,'BANHO_DOURADO','Brinco','2025-02-05 10:00:00.000000','2025-02-05 10:00:00.000000',NULL,'Br042','Brinco Laço Cravejado',55.10,NULL,'EM_ESTOQUE',1);
INSERT INTO produtos (id, acabamento, categoria, data_atualizacao, data_criacao, data_venda, id_referencia, nome, preco_custo, preco_venda, status, id_fornecedor) VALUES (22,'PRATA','Brinco','2025-02-05 10:00:00.000000','2025-02-05 10:00:00.000000',NULL,'Br333','Brinco Flor Cravejada',80.00,NULL,'EM_ESTOQUE',2);
INSERT INTO produtos (id, acabamento, categoria, data_atualizacao, data_criacao, data_venda, id_referencia, nome, preco_custo, preco_venda, status, id_fornecedor) VALUES (23,'DOURADO','Brinco','2025-02-05 10:00:00.000000','2025-02-05 10:00:00.000000',NULL,'Br500','Brinco Sol Radiante',952.00,NULL,'EM_ESTOQUE',3);
INSERT INTO produtos (id, acabamento, categoria, data_atualizacao, data_criacao, data_venda, id_referencia, nome, preco_custo, preco_venda, status, id_fornecedor) VALUES (24,'BANHO_PRATA','Brinco','2025-02-05 10:00:00.000000','2025-02-05 10:00:00.000000',NULL,'Br127','Brinco Arco-Íris Delicado',78.10,NULL,'EM_ESTOQUE',4);
INSERT INTO produtos (id, acabamento, categoria, data_atualizacao, data_criacao, data_venda, id_referencia, nome, preco_custo, preco_venda, status, id_fornecedor) VALUES (25,'PRATA','Brinco','2025-02-05 10:00:00.000000','2025-02-05 10:00:00.000000',NULL,'Br250','Brinco Gota',75.00,NULL,'EM_ESTOQUE',1);
INSERT INTO produtos (id, acabamento, categoria, data_atualizacao, data_criacao, data_venda, id_referencia, nome, preco_custo, preco_venda, status, id_fornecedor) VALUES (26,'BANHO_DOURADO','Brinco','2025-02-05 10:00:00.000000','2025-02-05 10:00:00.000000',NULL,'Br088','Brinco Argola Torcida',60.60,NULL,'EM_ESTOQUE',2);
-- Colares
INSERT INTO produtos (id, acabamento, categoria, data_atualizacao, data_criacao, data_venda, id_referencia, nome, preco_custo, preco_venda, status, id_fornecedor) VALUES (27,'PRATA','Colar','2025-02-05 10:00:00.000000','2025-02-05 10:00:00.000000','2025-03-25 13:00:00.000000','Cl009','Colar Cruz Delicada',90.10,180.20,'VENDIDO',3);
INSERT INTO produtos (id, acabamento, categoria, data_atualizacao, data_criacao, data_venda, id_referencia, nome, preco_custo, preco_venda, status, id_fornecedor) VALUES (28,'BANHO_PRATA','Colar','2025-02-05 10:00:00.000000','2025-02-05 10:00:00.000000',NULL,'Cl117','Colar Estrela Guia',45.00,NULL,'EM_ESTOQUE',4);
INSERT INTO produtos (id, acabamento, categoria, data_atualizacao, data_criacao, data_venda, id_referencia, nome, preco_custo, preco_venda, status, id_fornecedor) VALUES (29,'BANHO_DOURADO','Colar','2025-02-05 10:00:00.000000','2025-02-05 10:00:00.000000',NULL,'Cl208','Colar Chave do Amor',68.60,NULL,'EM_ESTOQUE',1);
INSERT INTO produtos (id, acabamento, categoria, data_atualizacao, data_criacao, data_venda, id_referencia, nome, preco_custo, preco_venda, status, id_fornecedor) VALUES (30,'PRATA','Colar','2025-02-05 10:00:00.000000','2025-02-05 10:00:00.000000',NULL,'Cl350','Colar Lua Vazada',85.00,NULL,'EM_ESTOQUE',2);
INSERT INTO produtos (id, acabamento, categoria, data_atualizacao, data_criacao, data_venda, id_referencia, nome, preco_custo, preco_venda, status, id_fornecedor) VALUES (31,'BANHO_PRATA','Colar','2025-02-05 10:00:00.000000','2025-02-05 10:00:00.000000',NULL,'Cl475','Colar Infinito Coração',42.60,NULL,'EM_ESTOQUE',3);
INSERT INTO produtos (id, acabamento, categoria, data_atualizacao, data_criacao, data_venda, id_referencia, nome, preco_custo, preco_venda, status, id_fornecedor) VALUES (32,'DOURADO','Colar','2025-02-05 10:00:00.000000','2025-02-05 10:00:00.000000',NULL,'Cl499','Colar Raio Reluzente',662.00,NULL,'EM_ESTOQUE',4);
INSERT INTO produtos (id, acabamento, categoria, data_atualizacao, data_criacao, data_venda, id_referencia, nome, preco_custo, preco_venda, status, id_fornecedor) VALUES (33,'PRATA','Colar','2025-02-05 10:00:00.000000','2025-02-05 10:00:00.000000',NULL,'Cl066','Colar Coração Vazado',88.10,NULL,'EM_ESTOQUE',1);
INSERT INTO produtos (id, acabamento, categoria, data_atualizacao, data_criacao, data_venda, id_referencia, nome, preco_custo, preco_venda, status, id_fornecedor) VALUES (34,'PRATA','Colar','2025-02-05 10:00:00.000000','2025-02-05 10:00:00.000000',NULL,'Cl199','Colar Cruz',92.60,NULL,'EM_ESTOQUE',2);
-- Conjuntos
INSERT INTO produtos (id, acabamento, categoria, data_atualizacao, data_criacao, data_venda, id_referencia, nome, preco_custo, preco_venda, status, id_fornecedor) VALUES (35,'BANHO_PRATA','Conjunto','2025-02-05 10:00:00.000000','2025-02-05 10:00:00.000000','2025-04-01 15:00:00.000000','Cj010','Conjunto Corações Entrelaçados',50.10,100.20,'VENDIDO',3);
INSERT INTO produtos (id, acabamento, categoria, data_atualizacao, data_criacao, data_venda, id_referencia, nome, preco_custo, preco_venda, status, id_fornecedor) VALUES (36,'PRATA','Conjunto','2025-02-05 10:00:00.000000','2025-02-05 10:00:00.000000',NULL,'Cj150','Conjunto Borboleta Vazada',120.60,NULL,'EM_ESTOQUE',4);
INSERT INTO produtos (id, acabamento, categoria, data_atualizacao, data_criacao, data_venda, id_referencia, nome, preco_custo, preco_venda, status, id_fornecedor) VALUES (37,'BANHO_DOURADO','Conjunto','2025-02-05 10:00:00.000000','2025-02-05 10:00:00.000000',NULL,'Cj275','Conjunto Gota Verde',70.10,NULL,'EM_ESTOQUE',1);
INSERT INTO produtos (id, acabamento, categoria, data_atualizacao, data_criacao, data_venda, id_referencia, nome, preco_custo, preco_venda, status, id_fornecedor) VALUES (38,'BANHO_PRATA','Conjunto','2025-02-05 10:00:00.000000','2025-02-05 10:00:00.000000',NULL,'Cj390','Conjunto Símbolo Paz',48.00,NULL,'EM_ESTOQUE',2);
INSERT INTO produtos (id, acabamento, categoria, data_atualizacao, data_criacao, data_venda, id_referencia, nome, preco_custo, preco_venda, status, id_fornecedor) VALUES (39,'PRATA','Conjunto','2025-02-05 10:00:00.000000','2025-02-05 10:00:00.000000',NULL,'Cj425','Conjunto Coração Batimento',115.10,NULL,'EM_ESTOQUE',3);
-- Piercings
INSERT INTO produtos (id, acabamento, categoria, data_atualizacao, data_criacao, data_venda, id_referencia, nome, preco_custo, preco_venda, status, id_fornecedor) VALUES (40,'ACO','Piercing','2025-02-05 10:00:00.000000','2025-02-05 10:00:00.000000','2025-04-05 16:00:00.000000','Pirc020','Piercing Mão Unida',25.10,50.20,'VENDIDO',4);
INSERT INTO produtos (id, acabamento, categoria, data_atualizacao, data_criacao, data_venda, id_referencia, nome, preco_custo, preco_venda, status, id_fornecedor) VALUES (41,'BANHO_DOURADO','Piercing','2025-02-05 10:00:00.000000','2025-02-05 10:00:00.000000',NULL,'Pirc140','Piercing Gota Dourada',40.60,NULL,'EM_ESTOQUE',1);
INSERT INTO produtos (id, acabamento, categoria, data_atualizacao, data_criacao, data_venda, id_referencia, nome, preco_custo, preco_venda, status, id_fornecedor) VALUES (42,'ACO','Piercing','2025-02-05 10:00:00.000000','2025-02-05 10:00:00.000000',NULL,'Pirc360','Piercing Estrela Tripla',28.00,NULL,'EM_ESTOQUE',2);
-- Pingentes
INSERT INTO produtos (id, acabamento, categoria, data_atualizacao, data_criacao, data_venda, id_referencia, nome, preco_custo, preco_venda, status, id_fornecedor) VALUES (43,'BANHO_DOURADO','Pingente','2025-02-05 10:00:00.000000','2025-02-05 10:00:00.000000',NULL,'Pg030','Pingente Olho de Tigre',45.10,NULL,'EM_ESTOQUE',3);
INSERT INTO produtos (id, acabamento, categoria, data_atualizacao, data_criacao, data_venda, id_referencia, nome, preco_custo, preco_venda, status, id_fornecedor) VALUES (44,'PRATA','Pingente','2025-02-05 10:00:00.000000','2025-02-05 10:00:00.000000','2025-04-10 17:00:00.000000','Pg170','Pingente Flor de Liz',60.10,120.20,'VENDIDO',4);
INSERT INTO produtos (id, acabamento, categoria, data_atualizacao, data_criacao, data_venda, id_referencia, nome, preco_custo, preco_venda, status, id_fornecedor) VALUES (45,'BANHO_PRATA','Pingente','2025-02-05 10:00:00.000000','2025-02-05 10:00:00.000000',NULL,'Pg290','Pingente Concha do Mar',35.10,NULL,'EM_ESTOQUE',1);
INSERT INTO produtos (id, acabamento, categoria, data_atualizacao, data_criacao, data_venda, id_referencia, nome, preco_custo, preco_venda, status, id_fornecedor) VALUES (46,'BANHO_PRATA','Pingente','2025-02-05 10:00:00.000000','2025-02-05 10:00:00.000000',NULL,'Pg410','Pingente Estrela Noturna',33.00,NULL,'EM_ESTOQUE',2);
INSERT INTO produtos (id, acabamento, categoria, data_atualizacao, data_criacao, data_venda, id_referencia, nome, preco_custo, preco_venda, status, id_fornecedor) VALUES (47,'DOURADO','Pingente','2025-02-05 10:00:00.000000','2025-02-05 10:00:00.000000',NULL,'Pg480','Pingente Círculo Solar',848.00,NULL,'EM_ESTOQUE',3);
INSERT INTO produtos (id, acabamento, categoria, data_atualizacao, data_criacao, data_venda, id_referencia, nome, preco_custo, preco_venda, status, id_fornecedor) VALUES (48,'BANHO_DOURADO','Pingente','2025-02-05 10:00:00.000000','2025-02-05 10:00:00.000000',NULL,'Pg125','Pingente Árvore',50.10,NULL,'EM_ESTOQUE',4);
INSERT INTO produtos (id, acabamento, categoria, data_atualizacao, data_criacao, data_venda, id_referencia, nome, preco_custo, preco_venda, status, id_fornecedor) VALUES (49,'BANHO_DOURADO','Pingente','2025-02-05 10:00:00.000000','2025-02-05 10:00:00.000000',NULL,'Pg245','Pingente Olho Grego',76.60,NULL,'EM_ESTOQUE',1);

-- Dumping data for table vendas
INSERT INTO vendas (id, data_atualizacao, data_criacao, data_venda, id_cliente, id_produto, preco_venda) VALUES (1,'2025-03-01 14:00:00.000000','2025-03-01 14:00:00.000000','2025-03-01 14:00:00.000000',1,2,90.20);
INSERT INTO vendas (id, data_atualizacao, data_criacao, data_venda, id_cliente, id_produto, preco_venda) VALUES (2,'2025-03-10 09:00:00.000000','2025-03-10 09:00:00.000000','2025-03-10 09:00:00.000000',3,7,76.20);
INSERT INTO vendas (id, data_atualizacao, data_criacao, data_venda, id_cliente, id_produto, preco_venda) VALUES (3,'2025-03-15 11:00:00.000000','2025-03-15 11:00:00.000000','2025-03-15 11:00:00.000000',5,15,190.20);
INSERT INTO vendas (id, data_atualizacao, data_criacao, data_venda, id_cliente, id_produto, preco_venda) VALUES (4,'2025-03-20 12:00:00.000000','2025-03-20 12:00:00.000000','2025-03-20 12:00:00.000000',7,20,81.20);
INSERT INTO vendas (id, data_atualizacao, data_criacao, data_venda, id_cliente, id_produto, preco_venda) VALUES (5,'2025-03-25 13:00:00.000000','2025-03-25 13:00:00.000000','2025-03-25 13:00:00.000000',9,27,180.20);
INSERT INTO vendas (id, data_atualizacao, data_criacao, data_venda, id_cliente, id_produto, preco_venda) VALUES (6,'2025-04-01 15:00:00.000000','2025-04-01 15:00:00.000000','2025-04-01 15:00:00.000000',11,35,100.20);
INSERT INTO vendas (id, data_atualizacao, data_criacao, data_venda, id_cliente, id_produto, preco_venda) VALUES (7,'2025-04-05 16:00:00.000000','2025-04-05 16:00:00.000000','2025-04-05 16:00:00.000000',2,40,50.20);
INSERT INTO vendas (id, data_atualizacao, data_criacao, data_venda, id_cliente, id_produto, preco_venda) VALUES (8,'2025-04-10 17:00:00.000000','2025-04-10 17:00:00.000000','2025-04-10 17:00:00.000000',4,44,120.20);